text,label
"Fauci, HHS officials discuss using new virus from China to enforce universal vaccines in footage https://t.co/kqARaRPDkw",0
"This list is updated regularly as case investigations proceed.

There are more than 500 COVID-19 testing locations across NSW, many of which are open seven days a week. To find your nearest clinic visit COVID-19 clinics or contact your GP.",1
"@PressSec Yep, this is a pandemic of the UNVACCINATED, isn‚Äôt it?",1
"Singer Jon Bon Jovi tested positive for COVID-19 before a Saturday performance, prompting the cancellation of a Florida concert: https://t.co/jPdgICPOpa https://t.co/3ySMg8HX3X",1
"If you haven‚Äôt received a COVID-19 vaccination yet, please don‚Äôt delay. Even if you have had COVID-19 and recovered, you should get vaccinated.

In this phase of the pandemic, the onus is on every one of us to keep each other safe, especially our most vulnerable.",1
"If you are directed to get tested for COVID 19 or self-isolate at any time, you must follow the rules whether or not the venue or exposure setting is listed on the NSW Health website.",1
STOP THE SHOT: Doctors and Hospitals That Deny Care To COVID Patients Will Be Exposed ON TAPE! https://t.co/DlDpppBdE5,1
"Inhaling steam or suob has been used to relieve some symptoms of COVID-19 but it has no recorded evidence of being beneficial against the infection.
Do not be misled; always remember the health protocols and get vaccinated for extra protection.
#MagpabakunaNa
Source: Reuters https://t.co/26oRa9ks0B",1
"#COVID19 VACCINE: Dr. Sharon Nachman, of Stony Brook Children's Hospital, says vaccines weren't around last #Halloween, and this year ‚Äì it‚Äôs making a big difference.
https://t.co/bTMybdbd52",1
"#UN Secretary-General Ant√≥nio Guterres called on G20 leaders to step up efforts to ensure the global recovery from the #COVID19 pandemic is fair, inclusive and prevents further suffering.
https://t.co/sWUS3GByYQ",1
"It comes as the pandemic increasingly blurred lines between professional and personal lives for those able to work from home, accelerating long hours and what some call ‚Äúavailability creep.‚Äù' https://t.co/JCdjmNtP0N @SaraMojtehedz #onpoli #canlab",1
"‚ÄúPsaki said she is vaccinated and has mild symptoms.‚Äù

Mild symptoms.

In other words, the same thing that would have happened if she hadn‚Äôt been vaccinated. https://t.co/QG56El9Fvy",1
"White House press secretary Jen Psaki tests positive for COVID-19 https://t.co/V41KIeYHCX via @JustTheNews 

She'll be ""circling back"" when she gets better. If she's sick at all.",1
"Heard of Covid toe? I've not seen a case yet but it could be easy to mistake this as a blister-like lesion. 

So, what are the signs of a Covid toe?

Dr John Campbell gives this update of the most recent findings.

https://t.co/PaSf6RItuO https://t.co/uSNLDVlP8m",1
"Growing racial/ethnic disparities in overdose mortality before and during the COVID-19 pandemic in California 

...Black overdose mortality in California was therefore 34.3% higher than that of White individuals in 2020 Q2-Q4
https://t.co/qQfdekrGoq https://t.co/uUR7mloDKy",1
"Covid-19 has infected more than 247M people and killed over 5M globally. 

Here are coronavirus-related developments for November 1: https://t.co/DV9HnOIIEs",1
"It comes as the pandemic increasingly blurred lines between professional and personal lives for those able to work from home, accelerating long hours and what some call ‚Äúavailability creep.‚Äù' https://t.co/JCdjmNtP0N @SaraMojtehedz #onpoli #canlab",1
"@LtGovFlanagan So when your baby has gotten colds in the past, did you experience ‚Äúextreme feelings‚Äù or is this just unique her mild illness from covid? She got a virus and she‚Äôs getting better, much like kids have been doing for years without dramatic proclamations on Twitter.",1
"The deadline for all federal employees to be fully vaccinated against COVID-19 is now less than a month away, prompting many to weigh what little options they have
https://t.co/1htlny81wK",1
"@GodsLoveFamous It's age an it stinks bust our butts when were young an it drags on an on now not working because of Covid19 an its flying by, rip me off time is",1
"I can‚Äôt believe @HHSGov is still promoting this completely false, unscientific tripe. A large-scale study comparing infection of 2 variants showed most children experienced COVID symptoms for &lt;2DAYS &amp; very few required hospitalization. SO KNOCK IT OFF.
https://t.co/GHR14hjJ1G https://t.co/rKD5X95295",1
@mutley_90210 @SandeChin @SonofOmahu @BeeFaerie The lockdown bought us time to vaccinate though and limited the spread of covid-19.,1
White House press secretary Jen Psaki said Sunday she has contracted COVID-19 and is experiencing mild symptoms. https://t.co/3GRLnaxiXI,1
"Sotrovimab is one of the new COVID-19 treatments that have been approved in Australia. 

Join @Austin_Health on Thursday, 4 November at 7 PM to hear from experts who has significant experience in managing and treating #COVID19 patients.

Register here: https://t.co/OTBABgWWCO https://t.co/iZwEFljbls",1
"Aside from its known effects on the brain chemical serotonin, fluvoxamine has other biological properties that could quell inflammation triggered by COVID-19. https://t.co/8XHn5WaTOX",0
"@CardiacSmarts @marybethpf It's disheartening that you think that way. Children are at minimal risk from covid, the benefits simply do not outweigh the risks, especially with no long term safety data....",1
"@socialiststeve6 @POTUS @VP Warmed over Reaganomics with extra servings of crumbs and HappyTalk‚Ñ¢. Almost negligent response to pandemic. 

Largest military expenditures ever. 

We haven't been turned into radioactive glass. Yet.",0
The website looked similar to that of COVID-19 vaccine maker Moderna. But it included a fraudulent message: ‚ÄúYOU MAY BE ABLE TO BUY A COVID-19 VACCINE AHEAD OF TIME.‚Äù https://t.co/qKIavQiTRy,0
"White House Press Secretary Jen Psaki tested positive for COVID-19. She did not travel with the President while he was in Rome.
https://t.co/1rxtnTSRsB",1
"West delhi has at least 30064 new slots available between 01-11-21 &amp; 08-11-21.

Covishield:
Dose1- 18+/45+:8064/3000
Dose2- 18+/45+:8704/3991

Covaxin:
Dose1- 18+/45+:3289/0
Dose2- 18+/45+:2981/0

Book one now at https://t.co/oN1Ae9Fz77 #vaccine #cowin #covid #delhi",1
Jen Psaki Tests Positive for COVID https://t.co/hwPVlZisng,1
"The number of new Covid-19 cases in much of the United States is declining, but Dr. Anthony Fauci says that children should still get vaccinated as soon as they are able. https://t.co/7qd4Ky0573",1
"Sotrovimab is one of the new COVID-19 treatments that have been approved in Australia. 

Join @Austin_Health on Thursday, 4 November at 7 PM to hear from experts who has significant experience in managing and treating #COVID19 patients.

Register here: https://t.co/OTBABgWWCO https://t.co/iZwEFljbls",1
"RSPCA sees 166% increase in cat adoptions during the pandemic

Read it here: https://t.co/HLtg5DFhfh https://t.co/VRzvPZbCSH",1
@NickAdamsinUSA There is no such thing as a Covid vaccine.,0
"@PressSec @TheLastRefuge2 There‚Äôs a high probability you would only have mild symptoms with no vaccine. It‚Äôs more important to note, you still got Covid &amp; you still have the potential to transmit it to others.",0
@SkyNewsAust Those booster shots are really gonna help drive  down those WA covid numbers. Getting scary for a moment,1
White House's press secretary Jen Psaki did not travel to Europe with President Joe Biden after members of her household tested positive for COVID-19. https://t.co/W0hhEiHO8I,1
"@SiGoncharenko @NickAdamsinUSA In June, they were reporting that it reduced the risk of infection by 91%.  I found a more recent English study that said it reduces the risk of infection by the DELTA VARIANT by 50-60%.  This also underscores the need to prevent new mutations.
https://t.co/8ZosVCf6tM",1
Enough vaxxed people are getting Covid I think we can stop calling it ‚ÄúBreakthrough‚Äù Covid. Virus gonna virus. Stop firing people who aren‚Äôt vaxxed. https://t.co/WSTfNbOTLD,0
"@PressSec @TheLastRefuge2 There‚Äôs a high probability you would only have mild symptoms with no vaccine. It‚Äôs more important to note, you still got Covid &amp; you still have the potential to transmit it to others.",0
"‚Äúlast yr lockdiwnd, home-schooling &amp; other mitigation measures may have masked vulnerability of kids &amp; helped create false impression children were protected. Pediatric cases‚Ä¶ticked up dramatically in late summer &amp; early fall, driven by Delta &amp; a return to classrooms‚Äù #COVID19",1
White House press secretary Jen Psaki has COVID; FDA delays decision on Moderna vaccine for kids 12 and over: COVID updates - USA TODAY https://t.co/7O7jlI1RU0 via @GoogleNews,1
1 - COVID live updates: Fully vaccinated Canberrans can now travel throughout NSW and Victoria - ABC... #overallnews #covid #live #updates #fully #vaccinated https://t.co/wiPhUfn3le,1
"Seriously.  No idea what it has to do with that or why it mattered. 

All this Covid info passport thingo needs to be handled better. This system is nuts.",1
@FAIRImmigration @Reuters We think Covid 19 pandemic has been deadly? Just wait until these contagious diseases make a comeback in America. It's going to be one pandemic after another with millions of illegal immigrants breeding contagious diseases brought with them from 3rd world countries. Thank Biden.,1
@FreakOutHubb Sick of the covid freak outs. I come to escape it and you like to post every covid vid on the net,0
Covid-19 Pushed Many Americans to Retire. The Economy Needs Them Back. https://t.co/vwiRu7lTP8 from @TheAmaraReport,1
@RaiseToLight @PrimaryALLRINO The only way to end this pandemic is to stop testing ppl.,1
1 - COVID live updates: Fully vaccinated Canberrans can now travel throughout NSW and Victoria - ABC... #overallnews #covid #live #updates #fully #vaccinated https://t.co/wiPhUfn3le,1
"@jessicai917 @PressSec As you can see, no one‚Äôs guaranteed including Jen. How many fully vaccinated have died from covid, do you know? You should find out. They thought they were safe too. https://t.co/XQOnFtT9X6",1
"1 - Quebec reports 567 new COVID-19 cases, one more death - https://t.co/eRQJj7RWPL...
... #overallnews #quebec #reports #new #covid #cases https://t.co/xI735Yxejc",1
"133K Bahamians &amp; Residents Fully Vaccinated

133,081 Bahamians and residents are now fully vaccinated against COVID-19, according to The Bahamas Ministry of Health and Wellness.

135,629 people have received at least one dose of the vaccine as of October 31st, 2021. https://t.co/nHhUek5xOt",1
"‚ö†Ô∏è 30 new cases of COVID-19 in HNE

‚ñ™Ô∏è 20 were infectious in the community (3 unknown)
‚ñ™Ô∏è 7 cases are linked
‚ñ™Ô∏è 835 active cases
‚ñ™Ô∏è 23 active cases in hospital. 3 in ICU

To view the location map visit https://t.co/QeSc2ASp2c",1
"@DFisman Attitude matters. HK has higher density and lower vaccination rate (59%) than BC and low covid # (4 per day). It's not just strict quarantine.  Everyone wears a mask consistently, everywhere. Everyone agrees it's important. Their hospitals are *not strained* by delta. https://t.co/XeZchdzp6r",1
Will she circle back to tell us which variant? https://t.co/RWEhhoWUPH,1
"Fully vaccinated Jen Psaki has tested positive for COVID-19.

Think she'll circle back to that Nobel Prize winning drug she's been denouncing?",0
"Yes. I wanted to focus on McAuliffe himself, but the way the media has covered for his brazen lies is part of the problem. The WaPo fact-checker themselves admitted they passed 3 times before finally doing a post on McAuliffes tendency to make up Covid-19 numbers to make a point. https://t.co/RejMUDnmVk",1
"October is #DomesticViolenceAwarenessMonth. 1 in 4 women &amp; 1 in 10 men have experienced sexual violence, physical violence, or stalking by an intimate partner during their lifetime. Violence has worsened during #COVID19. #Socialworkers find resources here: https://t.co/wotlXEX01p https://t.co/pvM7EmZmhX",1
@thepurplelawyer @OldSchoolZg1 @drsimonegold Those illnesses you mention are way more deadly to general population than Covid with its 99 % cure rate overall.,0
@TheEndisNigh10 @bonnie42280294 Unless they are vaccinated in which case they will have poor narrow focused immunity they should not get it more than once (dozens of research studies show this). Far more likely to be false positive PCR and only one ( if any) was really COVID. Or they have immune supression.,1
"COVID-19 | Assam reported 212 new cases, 236 recoveries and 1 death, yesterday. Active cases 2,327 and total positive cases 6,10,645 https://t.co/AlQIaYmZmT",1
"#vaccinated There is no documented #VaccineMandate any employer, business, university requiring people to be vaccinated can be held liable for any &amp; all injuries from headache to amputations to death #vaccine liability #injured liability #COVID19 #coronavirus #Corona #Biden",1
FDA authorized Pfizer Covid-19 vaccine for children aged 5 to 11 https://t.co/WTYlPxaJbP,1
Daily US Covid Deaths by County For VT   2021-10-29:  Updated Covid insights from our data scientists and USAFacts #datavisualization #datascience #analytics #data #covid19 #coronavirus #covid_19 https://t.co/qabhuNYMgj,1
The BBC have a lot to answer for there's more to this than the headlines. Go research who's dying in hospitals from COVID-19 right now in Israel after mass vaccination. https://t.co/N9c2ezMSMV,1
A pandemic of ‚Äúunvaccinated‚Äù? üòÇ https://t.co/0MNCenWCma,1
"Relatively quiet trick or treat because pandemic, rain and the fact our street more trip hazard than usual. I do not care much I am too old for this shit.",1
"@shortpam @PressSec Wait...so you vaccinated folks get covid, and decide to call out the unvaccinated? wtf is wrong with you people? I'm fully vaccinated, but you vaccine nazis are complete clowns....",0
"Oct 31, Current Situation Covid-19 in Malaysia and Sabah. https://t.co/nxxK1TNBnE",1
@sajidjavid But it doesn't protect. Thousands of 2 jabbers get covid,0
"@GillianMcKeith In no religion is there a written rule that says don‚Äôt get a COVID vaccine or you go to hell, so stop it with this religious believes bs",0
"Surrogacy rates in Australia are increasing due to marriage equality, the pandemic closing borders and overseas countries banning surrogacy arrangements ‚Äì leading to more women like Sam Essex carrying babies for others out of love. @janehansen2000  https://t.co/8BSRVNoZzQ",1
"@Pammyreign @buddmann @greg_price11 @LisaMarieBoothe @POTUS More people know this than it seems.  All you need to do is read the notes from agenda 21 now agenda 30, the world economic forum and UN. The entire pandemic response was outlined in October 2019",1
@LVB1776 @ClancyJeni @AP There's also research that shows the vaccines have prevented thousands of deaths. The goal is to prevent the worst effects of the disease. Covid is no joke,0
@GillianMcKeith So she is crazy and brain washed by ghouls like you looking to profit off a pandemic,0
"@Pammyreign @buddmann @greg_price11 @LisaMarieBoothe @POTUS More people know this than it seems.  All you need to do is read the notes from agenda 21 now agenda 30, the world economic forum and UN. The entire pandemic response was outlined in October 2019",1
Dysbiosis and structural disruption of the respiratory microbiota in covid-19 patients with severe and fatal outco... - Hern√°ndez-Ter√°n A et al. - https://t.co/7nj9NTFW3A #microbiome,1
"Free face coverings to transport operators scheme [Published 28th October 2021] - Department of Health and Social Care

#greylit #greyliterature #nglc #covid19 #Covid19UK #infection_control #public_transport

https://t.co/i2EzeGTnGF https://t.co/1AuOqOjn5I",1
When Conventional Oxygen Therapy Fails-The Effectiveness of High-Flow Nasal Oxygen Therapy in Patients with Respiratory Failure in the Course of COVID-19: J Clin Med. 2021 Oct 16;10(20):4751. doi: 10.3390/jcm10204751.ABSTRACTHigh-flow nasal oxygen (HFNO)‚Ä¶ https://t.co/YcpS52C96T,1
"October 31, 2021: The Yukon‚Äôs acting Chief Medical Officer of Health Dr. Catherine Elliott has issued COVID-19 public exposure notices. Learn more: https://t.co/rsLmORiwwn https://t.co/pHh356ORz1",1
Refusal of public authorities to publish comprehensive accounts of COVID-related school closures is just one expression of censorship that has accompanied reopening drive. Basic public health data is being kept secret‚Äîincluding the number of infected teachers and school.,1
"Your children need to be vaccinated in order to attend school, so WTF us the difference with vaccine against Covid- 19???? Dumb f*cks?????? https://t.co/Nx3jrQd5py",0
Maybe she forgot to wear 8 masks https://t.co/8x92t6VOAt,0
@SecretaryPete Forcing USDOT employees to upload proof of covid vaccine is collecting data to manipulate ur employees. All tht was necessary was for employees to show a vaccine card upon entry.,0
No WAY!!!! Isn‚Äôt it the pandemic of the UNVACCINATED??? https://t.co/ntaepWdeBQ,1
"@lstorey94_lisa @Upstate_Mom @catturd2 Hey, you want to take your chances with COVID, be my guest. Spoiler alert: It‚Äôs an ugly, painful, unnecessary way to die. 

Extra bonus spoiler: For many survivors, long term COVID is a real thing and not pleasant at all. 

You pays your money and you takes your choices!",1
Maybe she forgot to wear 8 masks https://t.co/8x92t6VOAt,0
"@catturd2 
What is the salary for a White House Diaper Changer? House diaper changer for @RepJerryNadler makes $180k.
If @POTUS pays more I may consider applying.

@PressSec has covid and I don‚Äôt want to bother her. https://t.co/ljyfw7urue",1
"The so called vaccines üíâ are never about to lower the risk of infection , it is the tool of control . https://t.co/fqDREQiUx9 https://t.co/gLd2LLZJ2v",0
No WAY!!!! Isn‚Äôt it the pandemic of the UNVACCINATED??? https://t.co/ntaepWdeBQ,1
"@BarGuru47 Oh 100% like this pic may be exaggerated im@not too sure but they are announcing harsh covid laws that caused protests yesterday, australia has become a joke during the pandemic",1
"@BrendanRG91 @batdsurevbhg @Tythedeputy @JackPosobiec Casually ignoring the chance of organ damage, brain damage, blood clotting from covid lol",0
"Damn

Arm is sore AF after getting my booster jab today

Better than being a COVID spreader, though.",1
Diet-related diseases pose a major risk for Covid-19. But the U.S. overlooks them. - POLITICO https://t.co/o8BzyCu3UP,1
@BillFaria001 @LisaMarieBoothe By the way I am in no way anti vax and I don‚Äôt think Covid is fake or doesn‚Äôt kill people. But you idiots act like it‚Äôs vaccine or death and for 99 percent of us that isn‚Äôt the case.,0
"In about the same duration, the ""Spanish Flu"" killed between ~17 &amp; 100 million . . . global population then 2 billion, now 7.7 billion.
Do the math. Follow the science.
@greggutfeld 
@maddow 

~5 million have died of COVID-19 since the start
https://t.co/HMHmBQZlha",0
A hospital‚Äêwide response to multiple outbreaks of COVID‚Äê19 in health care workers: lessons learned from the field - Buising - 2021 - Medical Journal of Australia - Wiley Online Library https://t.co/lRiBwihRbP,1
"@DavidWMason2 @GRHutchinson You can still get CV19 despite a couple of jabs but thankfully the effects are milder than they would be if you were not vaccinated against this awful manufactured Chinese virus.
If you have not had the protective serum then get yourself to your doctors quick.",0
@seanhannity So she has the flu so what that‚Äôs all COVID is just a different type of flu,1
@EROTHCJ5 I don‚Äôt wish Covid on anyone but it is obvious that a vaccine mandate isn‚Äôt the answer.  Therapeutics properly prescribed and getting on with life is the only answer. https://t.co/X5cjcBe0DP,0
"@mlaundrie @vincew94 @patriot1429 @NickAdamsinUSA I just had Covid. Not vaxxed. Barely had any symptoms. Covid has always treated everyone differently, has nothing to do with vax. Less than 1% need medical care at the hospital.",0
@kahnkidz Based on the majority kids knocking on my door COVID is over.,1
Dr. Reiner Fuellmich - 1000 lawyers have evidence that pandemic is crime against humanity https://t.co/qWpiuRoQOk via @BitChute,1
"@ImaLincolnLib @LisaMarieBoothe Unless you‚Äôre willing to seal the US borders permanently and kill every animal reservoir, COVID will walk, fly, drive or sail right back here. Remember, it was loose all over Europe and Asia before it came here. There was no way for the US to ‚Äústop it in its tracks.‚Äù",0
@fergfam5kc @FoxNews Lol.. vaccinated or not.. you are getting covid,1
"We've known for many weeks. I'm sure the media is not interested in reporting it as your government is not interested in letting you know about it. Especially if your country received a financial aid package to tackle ""the covid crisis"". But people will still know. Promised. https://t.co/o83sJb50Em",1
"Judicial Watch - Judicial Watch Sues Health and Human Services for Director Francis Collins‚Äô Emails about Gain of Function Research, Hydroxychloroquine, and the Wuhan Institute of Virology - https://t.co/9bHrw48ht0",1
@RandyRainbow Be careful out there... in the last week the covid-19 numbers are spiking up and no one is reporting on it along with the new variant and uptick is deaths and hospitalizations from the latest variant.  It is getting less and less likely this is just a random fluctuation.,1
"@JackPosobiec She had 2 masks on, vaccinated and still got Covid ? So none of this shit works..",0
@TimRunsHisMouth What are the odds that she actually has Covid. She's probably just tired of all the BS she has to spew just in defending this walking corpse.,0
"@schneidercathy1 1-I couldn't see the doctor earlier due to covid; 2-She found something&amp;suggested having another test in 2 mnths; 3-I changed my doctor&amp;had another ultrasound. She won't do a biopsy as there is no abnormal bleeding (+procedure is painful), will call her if something bad happens:)",1
"@JamieL_99 @JodiPorter7 @PressSec Not true. So you're telling me the flu dissappeared? If you die WITH covid that's considered a covid death and if you die within 2 weeks of getting vaccinated you're considered unvaxxed. 

They way they're counting the numbers is shady as hell.",1
@VitalVegas Sisolak stopped the covid police on June 1st so it hasn't really been enforced since then,1
"@KarlenLandon @SenatorSinema Bullshit you fucking anti-vaxxer sack of shit! ""For the week ending October 21, children were 25.1% of reported weekly COVID-19 cases (children, under age 18, make up 22.2% of the US population).""

https://t.co/B7cc2YCga9",1
@shortpam @PressSec You got Covid and you are blaming the unvaccinated? LMAO,1
"@JamieL_99 @JodiPorter7 @PressSec Not true. So you're telling me the flu dissappeared? If you die WITH covid that's considered a covid death and if you die within 2 weeks of getting vaccinated you're considered unvaxxed. 

They way they're counting the numbers is shady as hell.",1
Asylum seekers fear further spread of COVID-19 after cases emerge in another Melbourne detention centre https://t.co/rR0SZEXUYi via @@SBSNews,1
"@seanhannity Grateful to be vaxxed with a vaxx that doesn't protect from Covid because it's technically not a vaxx, except Liberals changed the definition of vaccine so now it IS technically a vaxx.. but it still doesn't prevent you from catching Covid. 
#WearingMaskIsVirtueSignaling",0
Victorian Covid case numbers on the rise again just days after restrictions eased¬†üî•üî•üî•üî•üî• https://t.co/nNCuWDdwMz,1
@CMargaronis He's doing well because he's fully vaccinated. 99% of those now hospitalized with Covid are not.,1
"@MarkOli16686779 @itstrisha_innit This why there are no snakes in Ireland. Herd mentality causes Karen‚Äôs to get vaccinated and like lemmings, follow the leader to their demise. Some good may come of this pandemic after all!",1
"@seanhannity Grateful to be vaxxed with a vaxx that doesn't protect from Covid because it's technically not a vaxx, except Liberals changed the definition of vaccine so now it IS technically a vaxx.. but it still doesn't prevent you from catching Covid. 
#WearingMaskIsVirtueSignaling",0
"Why are COVID cases plummeting in NSW?

It can't be the vaccination based on what we're seeing out of UK, Israel, Singapore etc.

Is it the warmer weather?

Are the vaccines effective at first but then taper off as time goes on?

Have they fiddled with the PCR tests?

What is it?",1
"Weekly roundup of vaccination opportunities across Lane County for the week of (insert dates)! Getting vaccinated against COVID-19 remains the most powerful way to protect you, your loved ones, and your community against COVID-19. For more Information - https://t.co/oXVHuBsgeb https://t.co/QHoE1qPn1d",1
"@DavidMi90320850 @TheRealChimmike @LeeGREE81924622 @dogsareit2 @CovidMemo @shepdf Colin Powell

Point is prevention strategies have failed and exacerbated covid transmission. Alternatively Treatment is available and very successful when detects early.

https://t.co/ooa9y0n8YR",1
"@OrangeCoSheriff @NationalSheriff @HarborHouse Corona Virus = Justin Piper
COVID-19 = Piper, Justin https://t.co/G8h9YfXLfD",0
"@AP All the vaxed sheep in this thread are so pathetic. ""Uh uh that's why she only has mild symptoms..."" stfu she still caught covid.",0
@POTUS You can‚Äôt end the pandemic. The vaccinated are getting sick in record numbers! Even your Press Secretary and her family!,1
"@DrEricDing Mask, nor mask, what's the difference. There is no science that says masks do anything but declare you are a covid believer.  If you get the virus, it means you didn't pray hard enough to the great Fauci.",0
@toddstarnes I hope the @PressSec is okay since more ppl have died of the Wuhan Virus in the year under @JoeBiden than under Trump.,0
"@TwitterMoments https://t.co/Ci1StsYBB8 Masks can have negative health impacts especially on children who can have significant adverse physiological/psychological problems from masks: Sect 3-14.
Improperly worn masks, non-N95 masks &amp; improperly maintained N95 masks are false sense of ""safety"".",0
"üÜò#WAKE
üÜò#USAüÜò#AMERICA
üÜò#EXTERMINATION OF THE MASSüÜò#MILITARY üÜò#POLICEüÜò#PEOPLE OPEN YOUR EYES THEüíÄKILLERS OF THE HUMANITY AREüíÄKILLINGüÜòPEOPLE WITH THE DEADLYüíÄVAXüñïIN WHO ISüíÄKILLER #1A #2A #Depopulation #COVID19 #Patriots #AmericaFirst 
#WakeUpAmerica #VeteranüóΩüí•üÜòüíÄüíâ‚ö∞Ô∏è https://t.co/182OJXQFDX",0
"Tokyo COVID-19 cases overviewÔºà2021/10/31 17:45Ôºâ
New positive: 22 (diff from yesterday: -1 cases)
Total: 381655
--- Hospitalized: 156
--- Deaths: 3147
--- In treatment: 34
--- Home treatment: 97
--- Recovered: 378140
https://t.co/XFpVFJmTiu #Covid19 #Tokyo #StopCovid19JP",1
"The total number of active coronavirus cases in Pampanga was now at 825, with some 54 new cases recorded on Friday, October 29, 2021.  Read | https://t.co/7dhvCdYSAJ
https://t.co/FH9gk3atdf",1
"Time to update my... 
üíâ COVID Vaccine Saga üíâ
Shot 1) sore arm for ~2 days

Shot 2) fever &amp; body aches beginning ~12 hours after shot. Lasted 2.5 days. Sore arm for ~3 days

Shot 3) fever &amp; body aches beginning ~20 hours after shot. Lasted one day. Sore arm for 2 days",1
Australia reopens international borders for first time in COVID-19 pandemic https://t.co/Wx0JqLJ6Ic https://t.co/gFCHqHBxRQ,1
"@NickAdamsinUSA Double vaxxed, twice impeached, former president 45 also had COVID",0
I hope she takes Ivermectin to get well. https://t.co/8go1QA9UyZ,0
"EXCLUSIVE: West Point Cadets Who Chose to Leave West Point Rather Than Take COVID Vaccine Were Coerced, Abused and Discriminated Against https://t.co/aqc0cYXMm7 via @gatewaypundit",1
White House press secretary Jen Psaki tests positive for COVID-19 in breakthrough case - USA TODAY https://t.co/pI3tI1URXx,1
"Unless people start dying of Covid-19 again, our TVs are about to be hit with massive ClimateCatastrophe¬Æ propaganda.",0
"@DolphinMossad @MarkLevineNYC The shot doesn't prevent transmission or infection. The illness has a 99.8% survival rate and under a 5% hospitalization rate. Half of all covid deaths occur in people over 75. This isn't about safety, it's about control.",1
State to tighten COVID-19 border rules to multiple cities within days https://t.co/3IT0TEK34X,1
"@Filmmaking_2021 @Logan_Ratick Climate Change -&gt; pure delusion.

Education -&gt; Leftists indoctrination.

Covid-&gt; Let's go Brandon!",1
"The COVID-19 pandemic turned a much-needed spotlight on the decline of Australian manufacturing. Despite signs of a resurgence, more substantial support will be needed if we are to grasp its potential, writes Jack Par. https://t.co/UfVn60tzDQ #manufacturing #covid19",1
"@radudrag @FuriousG881 @TruckerRandy @pjcolbeck @agemaforrnc @KenBorton @madmanmaddock 5,014,735 people have died so far from the coronavirus COVID-19 outbreak as of October 31, 2021, 23:58 GMT.",1
"@WatchChad If she didn‚Äôt have her 4th shot, then I don‚Äôt think she was fully vaxxed. Therefore it‚Äôs still the pandemic of the unvaccinated. Seems reasonable?",1
@zinemaniac @DaisyKirsch @SigmaDeviatWolf @AJEnglish Was a knee jerk reaction when government made N95/FFP2 suitable alternative medical devices during the early ppe shortages .,0
Booster shots crucial in Indigenous communities as COVID cases rise - CityNews Vancouver https://t.co/1MwyWdjszw,1
Paper towels are preferable as they can reduce the risk of transmission of COVID-19 by drying the hands more thoroughly than hand dryers. ü¶† ü§≤ üßº #Handtowel #COVIDSafe ##washroom https://t.co/MOC2dugJ96,1
Booster shots crucial in Indigenous communities as COVID cases rise - CityNews Vancouver https://t.co/1MwyWdjszw,1
"In @politico:
‚ÄúIn Washington, there has been no such wake-up call about the link between diet-related diseases &amp; the pandemic. There is no Nat‚Äôl strategy‚Ä¶
More than 42% of American adults - about 100 million people - had obesity before the pandemic began‚Äù
https://t.co/3XY6KyKHZJ",1
"Super spreader of bad political ideology, unattainable goals, and destructive messures.
#StopClimateSocialists 
#StopCovidSocialism https://t.co/u7lw7zICUE",0
#latestnews A Dutchman begs the public to take the vaccine after spending months being intubated and shocked at losing 8 toes to COVID. - https://t.co/G1z7iglZCD (POST_EXCERPT},1
"@jeffpovey @SaltyDuchess Covid's over! That was so last year! Anyway, wouldn't matter, most of them have already had it! &amp; no, it's virtually impossible to catch it again.",1
"#Covid-19: Nightclubs reopen in Northern Ireland as restrictions ease
https://t.co/YrFznFGDVH",1
"November Will be a Very Important Month For Globalist Overlords

https://t.co/tAXO5463fh

#election2020 #chinesevirus https://t.co/z8eQKPXJYb",0
"@ParentiSoundSys Evil people are immune to covid-19, this is a certified fact by now",1
@ajc Getting vaccinated doesn't prevent us from contracting covid-19. Getting vaccinated increase our chances of surviving it.,1
"@JaneTaylore They who talk about protecting them, err from what? kids not at risk? It‚Äôs not to prevent ‚Äúlong covid‚Äù in kids, studies show they rarely develop that, so someone pls explain it to me! Can‚Äôt be jab them to protect adults because they specifically say it‚Äôs to protect the kids ü§î",1
"@SleevesUpLA Fully vaccinated and always masked WH Press Secretary Jen Psaki got COVID because only unvaccinated people who refuse to wear masks get COVID. 

Did I say that right?",1
"@RocketBunnyX1 @Robgomets @Laurie_Garrett Wrong. 2,182 vaccinated people died after developing COVID-19-related symptoms.

That means the risk of dying from COVID-19-related illness after vaccination is 0.00001 %. Backed up by @mtosterholm
Podcast #74 on YouTube.üå†
https://t.co/bSCBRJjBnR",1
@Fairy__Woodland According to my immune system I have a 99+% chance of surviving Covid!,0
"Alan Dershowitz to Newsmax: 'Full Adjudication' Needed on Vaccine Mandates | Newsmax

https://t.co/aSdnw1foQu",1
"@PrisonPlanet Don‚Äôt leave out Prince William and Kate.  70% private planes PLUS ¬£700K commuting from palace to palace during a pandemic year, when EVERYONE else was having Zoom meetings instead. https://t.co/kZBtc3c1XO",1
"Tonga Reports First-Ever COVID-19 Case - https://t.co/OQDHJcKlDX
#worldwidetweets https://t.co/zq5rVIRSd8",1
"@TheRealHoarse The only reason this nurse refuses the Covid vaccine which got her fired, is her political affiliation. No different from all the previous mandatory vaccines she has taken in the past which weren‚Äôt politicized!",0
"(1/2) Vaccination on children must be stopped. The EMA (European Medicines Agency) informed that cancerology studies were not considered because too much time and too expensive.
And this study (2/2) ‚¨áÔ∏è invites every parent to protect his/her child from covid vaccination. ‚ÄºÔ∏è https://t.co/tVV02ab4oW",1
"Children aged 5 years old across Cambodia will receive their vaccines against COVID-19, starting from today, according to an announcement of the Ministry of Health.

https://t.co/RAnJbpMqfq",1
@TUFF_Movie @randyhillier Proof is in the pudding.  Vaccine deadlier than covid for avg Canadian https://t.co/w4IZeIdSxN,0
@SenatorSinema Really? Jen Psaki was fully vaxxed and likely only hangs out with others who are fully vaxxed yet still got Covid-19. So please explain how the vaccine will make in person classes possible when it doesn‚Äôt stop transmission?,1
"White House's Fully Vaccinated Psaki tests positive for COVID-19 ‚Äî says no close contact with Biden, will isolate for 10 days
https://t.co/7wccT5xb6w",1
@thehill Pandemic is over!! The Ruling Class Elite Democrats already know. The joke is on the peasants.,0
"@MichaelMorrah @NewshubNZ Hi Michael, there‚Äôs a webinar on tomorrow to support staff in our ag &amp; hort industries what to do when they get covid please share if you can: https://t.co/tGCs6q97Az",1
@tr6_guy @SKivimaa Seems par for the course. Moderna had its vaccine ready before the pandemic started.,1
Pfizer Vaccine for Kids 90% effective in Preventing¬†COVID-19 https://t.co/4TirWCI8PH,1
"@ArumitaSengupta Hi Arumita, passengers from India transiting Dubai must complete all the requirements of their final destination and present a negative COVID 19 PCR test certificate for a test taken 72 hours or less before departure or as required by their final destination.",1
"#„ÅÜ„Å≤„Éº„É°„É¢
ÊäïÁ®øÊôÇÈñì:2021-11-01 09:05:16
Covid-19: Nightclubs reopen in Northern Ireland as restrictions ease
https://t.co/mBjhIglGRJ
#„Éã„É•„Éº„Çπ",1
"24% of participants (‚Äònon-responders‚Äô) did not develop anti-spike antibodies, were older, had higher SARS-CoV-2 cycle threshold values during infection (i.e. lower viral burden), and less frequently reported any symptoms. https://t.co/ksRsH6C2Vo",1
@SteveCameronPr1 The next step will be to mandate the kids. The vaccine will kill or disable more children than covid https://t.co/Bo8RNiwV75,0
"Ya better get some #Ivermectin Psaki Tests Positive for COVID-19 After Transmission From Family Members

https://t.co/7cukx4RPyE",0
"24% of participants (‚Äònon-responders‚Äô) did not develop anti-spike antibodies, were older, had higher SARS-CoV-2 cycle threshold values during infection (i.e. lower viral burden), and less frequently reported any symptoms. https://t.co/ksRsH6C2Vo",1
@YcmiYcmiu @kidneydoc101 @adamhfinn Yet my 9 year old was not ill when she had covid but is now in a wheelchair because of covid.  How many children are now suffering with long covid against children that have been ill from the vaccine.  I bet it 70% higher in long covid cases,0
"@RealCarlAllen @SKMorefield The death rate among healthy young children with Covid is very close to zero.

The proposed vaccinations are in hope they will become  less likely to spread it.  It‚Äôs not about their safety, but those around them.",1
"@WardDPatrick @ByronYork @PressSec She has ZERO proof the vaccine is doing anything at all for her. It didn‚Äôt stop it and with a 99.7% surv rate and most asymptotic, she‚Äôs just like everyone else. Including those unvaccinated. This is a pandemic of the vaccinated now since they believe lies about their protect",0
"A Glimpse Into Reality.
The Pandemic of the 1%.
#ArrestThemAll #ArrestFauci #ArrestBillGates 
#CORRUPTION #HoldTheLine #NeverGiveUp 
#WakeUpEverybody https://t.co/LbdSJ0Lfux",0
"@NathanMackBrown General Powell died from Covid but he was suffering from Multiple Myeloma a cancer of the blood that affects the body to fight infections.  That‚Äôs why we should all wear masks, to protect the immune compromised.",0
US donates another 1.5m Moderna Covid vaccines to #Taiwan https://t.co/DFerHVBdag,1
@KThomasDC Oh and also stop killing babies!!  #stopabortion abortion killed more Americans this year than COVID #abortionismurder,0
NPR: HIV activists have a history of outrageous energy. COVID protesters hope to match it https://t.co/UmgJdMI7B7 https://t.co/tuKR8ylfRZ,1
"@PressSec It's the pandemic of the unvaccinated. 
Let's go Brandon.",1
Daily US Covid Deaths by County For VA   2021-10-29:  Updated Covid insights from our data scientists and USAFacts #datavisualization #datascience #analytics #data #covid19 #coronavirus #covid_19 https://t.co/x44UwKUkDR,1
Commerce Secretary Raimondo to Americans Worried About Christmas Supply Chain: ‚ÄòCall FedEx‚Äò https://t.co/9x4zqpbbfj via @BreitbartNews @GinaRaimondo it's not s direct result of covid. it's a direct result of the biden administration. 100% blame. shame on you,1
"Major study finds that people who believe in COVID-19 conspiracies are more likely to catch the virus, lose their jobs, and be socially isolated #SmartNews  https://t.co/F58yDICUbN",1
"@GeorgePapa19 But Biden is vaccinated, so he can‚Äôt get COVID. ü§°ü§°ü§° https://t.co/k8buW9Tb8s",1
"@RealTimers @CaitlinPacific I felt this entire exchange was irresponsible. This is not over.  

Yes, we have vaccines but *each individual person* can react to COVID differently. Even if someone is vaxxed &amp; masking, they can still get it &amp; the vaccine may not be as effective for them as it is for others.",0
"31 children died by suicide every day in 2020, reveals govt data; experts blame COVID-19 https://t.co/CXJGbV7NM9",1
yesterday 25% of the state‚Äôs icu beds were filled with covid patient‚Äôs and people still don‚Äôt take this seriously,1
"100 Delhi Kids Orphaned Due to Covid, 2500 Lose One Parent - Coronavirus Updates https://t.co/5i3tQ6dxxs corona live tracker, corona outbreak, coronavirus, coronavirus updates, covid-19, covid-19 tracker, covid19 outbreak, latest news, Top India News- https://t.co/1Oq2sbFV9K https://t.co/t5eILhlhId",1
"@paf_2 @GeorgeTakei Huh? More have died under Biden... so why are you blaming the GOP for a global pandemic. If you want to blame an American, blame Fauci - he funded the research.",0
COVID Pandemic May Have Driven a Flu Strain Into¬†Extinction https://t.co/KjgAUTnUSz,1
@BorisJohnson you people are pathetic and you think people are stupid. COVID is a political TOOL nothing more! https://t.co/2tByQr39k0,0
@ABC So are we expected to just keep getting booster shots of the same covid vaccine for the ‚Äúalpha‚Äù strain to ward off new variants? How does that work exactly? Maybe we should have done it like the Amish and then maybe we wouldn‚Äôt be in a ‚Äúvariant‚Äù crises‚Ä¶ Critical thinking is gone,0
"@TerryMcAuliffe It‚Äôs all bullshit. If you are going to follow the science, you would ditch the masks immediately. Not one scientific study has shown them effective in stopping Covid. You are ignoring the numerous studies showing them to be garbage. Social distancing. Bullshit. Vaccines. Nothing. https://t.co/Ke0Or3Nm7p",0
@nonbinarygumby That mask has no chance of stopping covid but nice try,0
"As covid restrictions ease around the world, we are seeing the return of Gay Ski Weeks such as @ElevationGaySki and @whistlerpride. In this shoot from @RileyMcPhoto, Chris and Sean are photographed at Whistler Pride... #gayski #gayskiweek | READ MORE: https://t.co/rJQ9wMFMoI",1
"Details for third dose of the COVID-19 vaccination to be announced this week, opening hours of CVCs to change https://t.co/6GJs9cPnFh",1
@Bernie17850 @perthnow If what you just said is true then the vaccines are NOT working!!! Covid is 99.75 % survivable without injecting yourself with an untrialled vaccine with no long term data and the short term data we do have is for life changing illnesses and death is growing by the day! üëáüëáüëá https://t.co/BoSCKxl3h3,0
State health officials say anyone who wants a COVID-19 vaccine booster shot should feel free to get one. https://t.co/T6QJnL3JOb via @brandonjsmith5,1
"The Supply Chain Resilience Initiative (SCRI) aims to reduce dependence on China amid a likelihood of rechurning of #supplychains in the Indo-Pacific region due to the Covid-19 #pandemic. | Dipanjan Roy Chaudhury @EconomicTimes
https://t.co/Epr5mJATZN #India #trade #economy",1
State health officials say anyone who wants a COVID-19 vaccine booster shot should feel free to get one. https://t.co/T6QJnL3JOb via @brandonjsmith5,1
"@breakfast_dogs I double checked the accession numbers and NC002645 is actually not SARS-CoV-2 but human coronavirus E229, published first in 2001. Not sure how the mistake slipped in there.  Using the correct accession number NC_045512, there are only 2 BsaI sites, as shown before by @Daoyu15.",1
"The top HORROR DOCS of all time are...

DOMINION

EARTHLING

MILKED

FOOD INC

COWSPIRACY

SEASPIRACY

#halloween2021 #COVID19 #DEATHisCOMING #ManyMorePandemicsInTheWorks #SwineFlu #BirdFlu #VaccinesWontSaveUsFromOurselves #ChangeYourLifeOrSufferTheConsequences #TheREAPINGisHere",0
"@apathetic_NY Nancy Pelosi created Covid 
for Hugo Chavez",1
@TrumpJew2 And stop denying ivermectin to people with Covid.,0
"Still way too high to visit tiny Singapore

3,163 new Covid-19 cases in Singapore, 13 more deaths reported for Sunday 31/10.

The total number of cases in Singapore stands at 198,374.",1
We are on the verge of vaccine failure. https://t.co/ffdcXXobn0 https://t.co/QWtFZTTPny,1
"L.A. County Reports 11 New Covid-19 Deaths And 1,118 New Positive Cases ‚Äì¬†Deadline https://t.co/VI1bPHz14F",1
"The Donald: The Serpent Seed From The Royal Bloodline/Tribe Of Dan. Trump Time. Hospitals, Temples Of The Occult. The Nazis‚Äô Masterful Corona Plan Has Been A Great Success!  Must See Videos!
https://t.co/152xczAwnW https://t.co/PeAtTuTuQ5",0
the pandemic will never end so long as one party has a supermajority in favor of continuing it. https://t.co/LYLKK1PKdo,1
"""To avoid a repeat of COVID-19, we need more expansive pandemic preparedness mechanisms built around the model of globalized resources that COVAX pioneered,"" writes @JMDBarroso, co-chair of @R4RXResilience and chair of @gavi in @ProSyn https://t.co/3eL9Z04sCo",1
Vaxxed Just As Likely To Spread Covid As Unvaxxed - New Study https://t.co/WOegVqxVQg via @YouTube,1
What‚Äôs this?  Jen SNARKY caught the COVID ? I thought germs didn‚Äôt survive an acid environment.,0
"@hrkbenowen Maybe #vaccines don't really work?

Maybe it's time to try
LOW COST
FDA APPROVED
WHO ESSENTIAL MEDICINES...CURES!

1) #ZelenkoProtocol
#HCQ+#ZYNC¬±#ZPAK
TAKE WITHIN 5 DAYS OF SYMPTOMS
5 Days/$20
with Doctors care!
https://t.co/2rUBTNAAwh

2) #Ivermectin
https://t.co/aE9kxOT82L https://t.co/YZo8VvAB4I",0
The science behind a mix and match policy for #booster #COVID19 #vaccines. Read more. https://t.co/DS78lOgUfu https://t.co/MdSBf7It13,1
Threat of Third Wave of Corona Looms Large. Here's Why - https://t.co/fqzYLDMy2X https://t.co/63f88s4O9G,1
"ASEAN region has reported a total of 13,214,957 Covid-19 cases https://t.co/pkjmfilYNl",1
NYC‚Äôs Halloween Parade returns after COVID nixed festival last¬†year https://t.co/GnYMW6WnWK,1
@TimNOCO @FOX2now You can still catch Covid even if you get the vaccine.  But the vaccine should keep you from having to be on a ventilator and go in the hospital,0
New Zealand reports 143 new community covid cases | Asia Pacific Report https://t.co/aJPkJ0Nr0N @free_west_papua,1
"China grows more isolated as South Korea, Japan, Thailand start living with¬†Covid-19 https://t.co/bL5Ii0OwEx",1
@Acrylic_Foil84 @stet_dot_net @Zdstew3 @LisaMarieBoothe This is a junk chart. The recently jabbed within 2 weeks is also counted to the unvaccinated numbers. No charting or testing of who has had previous covid infection and may have natural immunity. Fine to watch the theater but gotta watch how they keep score. Goal Posts move too.,1
"@CityNewsVAN https://t.co/dAREC5fDB9
New Wuhan COVID docs 'completely contradict Fauci' on gain-of-function claims, ex-State Dept official said. 
Only Truth Can End The Pandemic ‚ÄºÔ∏è
#CCPLiedPeopleDied #CCP‚â†CHINESE  #CCPVirus",0
"Govt NCRB ADSI Report
In spite of COVID Lockdown in 2020
1,33,201 persons killed in Road Accidents.
58,129 Motorcyclists killed
45,275 killed on N Highways
11,901 Pedestrians killed
1556, 1272,1176,1164 Pedestrians killed in
Karnataka, Andhra, Maharashtra &amp; Tamilnadu respectively https://t.co/mCqTYxO5ex",1
Honestly shocked that people are actually getting boosters. Feels like when the CDC busted out with ‚Äúdouble masking is more effective‚Äù.,1
"@Travistritt @SteveDeaceShow The unvaccinated or vaccinated can get COVID19. The unvaccinated on a extremely much greater capacity/sensitivity, thus spreading it in a much larger number.",1
Ballarat records one new COVID case as state numbers rise https://t.co/oUDoqJ0AvP,1
"@WasYuri That‚Äôs your choice. But the vaccine is better, also billions of vaccines have been distributed and more lives have been saved because of it 

https://t.co/gMBsv2xonh",0
@Leftylockdowns1 @barnes_law CDC=Center for Dystopian Control,0
"@elizbillups @TreeMcC @aginnt Children get covid too.  They die much more rarely from it, but they can get the long term side effects too.  The full ramifications of which we don't even  know yet since its still so new.",0
"All 33,863 visitors and staff of #Shanghai #Disneyland have tested negative for #COVID19, Shanghai municipality's COVID-19 control and prevention office said on Monday. 
Shanghai Disneyland and Disneytown closes temporarily to assist COVID-19 probe on Sunday. https://t.co/kApVL18WN5",1
"@nytimes Follow the science Fight the hype and hysteria 
Do the math 875 children under the age of 18 out of 8.5 million child Covid cases
The death rate is 0.0001029411 
Kids get Covid, 
Kids get sick 
Kids recover
CDC says Get the shot and a kid still can get Covid 
So why bother.",1
Australia reopens international borders for the first time during the Corona¬†pandemic https://t.co/H9NdbT5dyy,1
"@lestahh55 @cmeck29997 @micheyll @RobSchneider It's all a scam, the Covid death numbers are a hoax.",0
"Ontario reports 340 new COVID-19 cases, 2 more deaths on Sunday | CBC News https://t.co/ToiQ5LcEvF",1
Almost 250 million cases and 5 million deaths worldwide till date. #COVID https://t.co/5oohkngkB3,1
Daily Covid Deaths per 1K Population by County For VA   2021-10-29:  Updated Covid insights from our data scientists and USAFacts #datavisualization #datascience #analytics #data #covid19 #coronavirus #covid_19 https://t.co/nkOgZIdDd2,1
"@jorient https://t.co/sv6MRRbs3I
‚ö†Ô∏èMiles Guo: The CCP virus is the means, while the COVID vaccine disaster is the real goal; the CCP is helping the evil forces to implement their plans of global domination.‚ö†Ô∏è
Wake up‚ÄºÔ∏è SAY NO TO TYRANNY ‚ÄºÔ∏èüôèüåç‚ù§Ô∏è",0
"Cases: 246,699,782 (+6,494) 
Deaths: 4,999,609 (+123) 
Recovered: 0 (+0) 
Active Cases: 246,699,782 (100%)
Completed Cases: 4,999,609 (2.03%)
Mortality Rate: 2.03% (No Change)
Case Fatality Rate: 100.00% (No Change)

#COVID19 #Coronavirus #StayHome",1
"Fluvoxamine: an inexpensive pill that works against Covid-19. | Facebook Bulletin https://t.co/aLi6yuYo3n 

Take that covid! Look at me getting depressed way in advance like a 4d multidimensional chess master. /smug face",0
Can You Get The Covid-19 Vaccine While¬†Breastfeeding? https://t.co/q5YzpP9Foo,1
Break through cases are now the common COVID new case. Explain this Evil Fauci???? #FauciLied #CovidLies #vaccine #VaccineLies #Biden #Fauci,0
"Fit the criminal, Mr. #Fauci for an orange jump suit https://t.co/VuI9PKTwWG",0
Ultraviolet Light Disinfection Wand ‚Äì Kills Most Viruses and Bacteria! ... https://t.co/bxEPemfu75 RTplz #COVID„Éº19 #coronavirus #cureforcoronavirus https://t.co/1rEQm3mlbX,0
"Covid19 variants: 

Alpha Variant (UK Variant) - B.1.1.7
Beta Variant (South Africa Variant) - B.1.351
Gamma Variant (Brazil Variant) - P.1
Delta Variant (India Variant) - B.1.617.2 

Read more about Covid19 in this Wiki page: https://t.co/BdYEZcWRdf.  .",1
@DineshDSouza You keep hearing every minute about people who are fully vaccinated getting COVID‚Äîwhy? Why are the communist Democrats forcing people to get the vaccine when clearly they don‚Äôt work!,0
"Jon Bon Jovi tests positive for Covid
#JonBonJovi #Covid #socialnewsxyz https://t.co/rYowzRpRcd",1
"White House's Psaki tests positive for COVID-19 ‚Äî says no close contact with Biden, will isolate for 10 days
https://t.co/0lBCNcWi0s is not good https://t.co/fznEzz1ztI.",1
"On October 31, in response to #epidemic reports from other provinces and cities, Shanghai #Disneyland and #DisneyTown will immediately stop tourists from entering in order to cope with the flow of the #COVID19.

#stockstowatch #DisneylandPark 

https://t.co/tK5UE97shS",1
"Biden pushing 2 Trillion for Infrastructure bill while refusing to buy Remdesivir and Molnupiravir for all Americans, proven cures for Covid, as 2k continue to die each day. Glad dementia addled Biden has his priorities straight. #ImpeachBidenNow #FireFauci",0
"@bettweaver @Gerard39delaney Do you ever stop with the TV? The virus is NOT a killing machine.  If people who died in car accidents, shootings overdoses, falls, drowning, house fires, poisioning, as Covid deaths IF THEY TESTED POSITIVE WITHIN THE LAST 28 DAYS of their life! Also, 2020 death % was the same. https://t.co/f0g9KMzSMK",1
"@BlondieforTrump The COVID vaccine doesn't work. That's why Scandinavia is banning it.

If you don't want COVID, get a flu shot; it protected me for 18 months.",0
"Summary

- Coronavirus originates from bats 
- Military games in Wuhan supposedly had early infections
- Chinese officials and US government were aware of infections as early as October-September but neither disclosed to public
- whistleblowers&amp;journalists disappeared &amp; silenced",0
"Delhi schools to reopen from Nov 1, classes to function in hybrid mode: Manish Sisodia
#schoolreopen #DELHIGOVERNMENT #JoyOfHomecoming 
#coronavirus",1
"This is how Joe Biden is helping America fight the virus.
Hint: the fake vaccines are the reason. They make it worse not better.

#LetsGoBrandon https://t.co/sxvRUztfj2",0
New Zealand reports 162 new community cases of Covid-19 Delta¬†variant https://t.co/wNBJHR2SGj,1
"At least 89% of vaccinated American adults will qualify for Covid-19 booster shots

https://t.co/g8Kk5TPHkd",1
The Teesside area where most people haven't had Covid jab - but barely anyone is testing positive https://t.co/IeO2Lu25J5 https://t.co/bkKgnEYRYF,1
@vmainard @Costa77516533 @SarkiAdan Fucking lol what? The only reason half the country didn‚Äôt get Covid was because of the Premiers. Morrison and co are fucking beyond incompetent dangerous and lazy.,0
"India Reports 12,514 New Covid-19 Infections, Active Cases Lowest in 248 Days https://t.co/ukixDKZQsE",1
"Yep the seasonal flu has been cured. Bless Saint Fauci! He even cured some people of lethal car crashes (of course they died from covid on paper despite being hit by a semi, but that's for the greater NWO good). https://t.co/xMFHWHdfHm",1
"üò≠üò≠üò≠ last night i became a Judas...twice
I wore ANC gear (in support of spouse) 
And i chilled le Boujee and let him use my phone for vidsüò≠üò≠üò≠üò≠üò≠
And yerrr if i didn't catch COVID last night then itis definitely on vacation. #VoteActionSA #VoetsekEFF",1
New data has revealed the Suffolk and north Essex neighbourhoods with the highest coronavirus rates ‚Äî with the most infections reported in Ipswich and Haverhill. https://t.co/rQums5mZGx,1
"WHEN I SAY SO CALLED VACCINE IS NOT YET WORKING THE PLATFORM LAUGHT AFTER ME..
THIS IS ANOTHER COUNTLESS CASE RELATED TO THE PRESIDENT OF THE US...WITH IS NOBEL AWARD WINNERS OF MEDICAL COUNCIL TEAM
LET THEM GIVE ANOTHER DELUSION ANSWER...
WHY PEOPLE FULLY VACCINATED ARE INFECTED https://t.co/MY9jJ3aGxs",0
How does a pandemic start winding down? You are looking at it. https://t.co/RZhWsXRbGL https://t.co/ldsbVRdM18,1
"Malaysia reported another drop in new #COVID19 cases at 4,626 today.

This compared to 4,979 daily infections yesterday. 

This brings our total number of cases to 2,476,268. https://t.co/PbQMNSF0B7",1
COVID-19: Study finds conspiracy theorists more likely to catch virus - Business Insider https://t.co/O8YOG19FV1 via @GoogleNews,1
"We don't know for sure if the Dems actually got a covid vax,,üòèü§î‚òÆÔ∏èüóΩüá∫üá≤üáÆüá±üá®üá∫üá≠üá∞ https://t.co/KdHr3exVOR",0
@comboverwhelmed @4YrsToday So you understand my official stats don't document mis diagnosed or undiagnosed deaths but fail to see the covid is contagious but 99% survivable for 99.5% of the population...,1
I prefer unvaccinated pilots because they‚Äôre less likely to drop dead of a heart attack. Especially since no one drops dead of Covid. https://t.co/EsVWQiuhz8,1
"Australian schoolchildren have had an ever-changing past 18 months of learning. 

Some great news with more than two in three 12-15 year-olds having already received at least one dose of a coronavirus vaccine. 

üëèüëè https://t.co/DdFnlPnybm",1
I prefer unvaccinated pilots because they‚Äôre less likely to drop dead of a heart attack. Especially since no one drops dead of Covid. https://t.co/EsVWQiuhz8,1
Over 117 million Covid-19 vaccines have been administered across Africa. https://t.co/9zeetZL07A,1
"100% of Covid-19 vaccine deaths were caused by just 5% of the batches produced, according to official government data.
https://t.co/SLe503D1aN",1
"#Australia eased its international border restrictions for the first time during the #coronavirus #pandemic, allowing some of its vaccinated public to #travel freely and many families to reunite.
https://t.co/o3WYOeml4K",1
Colorado Lets Hospitals Turn Away Patients as Covid Surges Anew https://t.co/bHk3N4w7Yj,1
"@manaagooo Biden is an actual human being. He didn‚Äôt try to downplay COVID. It hurts my heart how he lost his son. It brings tears to my eyes. üò¢ Biden also treats people with respect, and his wife is such a nice person, too.",1
"Jen Psaki tests positive despite being fully vaccinated.  Proof the vaccines do not prevent infection, which defeats their purpose!  (Remember when you were told the vaccines would prevent infection?) 
#COVID #COVID19 #vaccine #VaccinesDontWork #Psaki 
https://t.co/b9s1AiWq5l",0
@Reuters Vaxed spreading the covid just as fast as unvaxed. Seems like this blows the lid off the narrative of the effacy of the vax! It looks like it ain‚Äôt worth the needle that jabbed you!,0
"@BBCWorld Ivermectin, Arbidol, monoclonal antibodies, etc.,.but not for you? 

Japan stopped vaxing. And started treating with Ivermectin. In  one month, Japan was COVID-free!  Japan Govt was working for the people. Not for their own pocketbook.",0
"California has a 4-1 patient ratio. Meaning, 1 nurse to 4 patients. The reason why so many people died in NY during COVID outbreak? They have a 15-1 patient ratio. Patients would of run out of oxygen, and nurses wouldn't find out because they have so many patients.",1
"@Cernovich I am an American and a nurse and I live in Italy. I admit, I was sucked into the hysteria. It was very easy here. But during the second month of lockdown, I began to see the shenanigans. For me, the vax was always a no go. I remember H1N1 and how terrified I was after that vax.",1
Isolated China Is Cracking Under the Strain of Keeping Covid¬†Out https://t.co/4pFmOY8Upw,0
"@libsoftiktok OBVIOUSLY #vaccines don't work!!!!

Maybe it's time to try
LOW COST
FDA APPROVED
WHO ESSENTIAL MEDICINES...
CURES!

1) #ZelenkoProtocol
#HCQ+#ZYNC¬±#ZPAK
TAKE WITHIN 5 DAYS OF SYMPTOMS
5 Days/$20
with Doctors care!
https://t.co/2rUBTNAAwh

2) #Ivermectin
https://t.co/aE9kxOT82L https://t.co/dl5bsqLuCN",0
"@libsoftiktok OBVIOUSLY #vaccines don't work!!!!

Maybe it's time to try
LOW COST
FDA APPROVED
WHO ESSENTIAL MEDICINES...
CURES!

1) #ZelenkoProtocol
#HCQ+#ZYNC¬±#ZPAK
TAKE WITHIN 5 DAYS OF SYMPTOMS
5 Days/$20
with Doctors care!
https://t.co/2rUBTNAAwh

2) #Ivermectin
https://t.co/aE9kxOT82L https://t.co/dl5bsqLuCN",0
"India are struggling from 'bubble fatigue' amid the COVID-19 pandemic and the players are feeling the effects of being on the road for six months, fast bowler Jasprit Bumrah said after their second loss at the Twenty20.
https://t.co/Oj7MjGvCRM

#India #newzealand #T20WorldCup https://t.co/PsXYzqGOe5",1
"üáßüá≥Brunei Darussalam latest COVID-19 Vaccination updateüáßüá≥

As of 31/10/2021:

82.1% of Brunei Darussalam's population has completed at least 1 COVID-19 Vaccination dose. 

59.3% of Brunei Darussalam's population has completed both COVID-19 vaccination doses.",1
There have been a total of 559 excess deaths in North Yorkshire during the coronavirus pandemic and the county is still above the national average for new Covid cases... https://t.co/vq5MJMa5sE,1
"üì£ The booster is being offered to people who received their second dose 6 months ago and are
üëâ aged 50 &amp; over
üëâ aged 16 &amp; over with a health condition that puts you at high risk
üëâ frontline health and social care workers

Book as soon as you are able: https://t.co/smzOrSBkZX https://t.co/llINqWquIM",1
"Before the ‚Äúpandemic‚Äù 47% of Americans were housing cost overburdened. Some affordable housing is in trailer parks of which many are very nice neighbourhoods. But, as usual, foreign or venture capitalists are buying the up then evicting. More homeless. https://t.co/e89shvWYmD",1
"#Dubai's airport plans to reopen its last remaining closed concourse in two weeks, allowing it to return to full capacity for the first time since the outbreak of the #Covid19 pandemic. 
https://t.co/S07HCvcYpg https://t.co/nR1RnwVml9 #UAE #Dubai #DXB",1
"1,413 new cases and 9 new deaths in Estonia 

[9:38 GMT] #coronavirus #CoronaVirusUpdate #COVID19 #CoronavirusPandemic",1
"CDC adds mental health disorders to COVID-19 booster eligibility list
https://t.co/GTm5Fk0sWZ

Shared from Epocrates, The #1 medical reference app. https://t.co/6B3jbzYYWk https://t.co/JQ2VDcS3ae",1
Ryanair summer loss shrinks to √Ç¬£40m √¢¬Ä¬ì but passenger numbers less than half of pre-pandemic levels https://t.co/AjBR57JANF #travel,1
Filmmaker and producer Michael Laughlin has died at 82 from COVID-19¬†complications https://t.co/ktbndfA8NJ,1
"In the interest of opening up the Hong Kong border with mainland China, the HK government has cancelled almost all of the quarantine exemptions for people coming from... mainland China https://t.co/XtiQE9UIfm",1
New corona outbreak in Dublin 2 https://t.co/mACLi5kNIu,1
COVID-19 High - COVID-19 in Ethiopia https://t.co/scLepQM6Gd,1
"With Covid cases declining in Delhi, the government-run schools in the national capital Monday resumed physical classes with 50% capacity and strict adherence to Covid guidelines. 

Watch: https://t.co/VVv6cKMBRC",1
"The latest #coronavirus data shows that, in the 7 days leading up to 28 October, #Harrogate district had the highest rate of new cases.

Please respect and protect each other to help stop the spread.
#TeamNorthYorkshire

View full data ‚¨á
https://t.co/2NH50ahxET https://t.co/YvCczBPPWe",1
@Reuters .@Reuters China is ruining our world!!!!!!!!!!! https://t.co/LWhD0Kmu6U How is China doing business during a pandemic??? https://t.co/Hd5ABZn2af How many people know that the EU is funding Wuhan (virology institute !!!!!!!!!!!) https://t.co/wI2ugv7P2T,1
Stay tuned. WHO/Europe soon to release a detailed lit. review on impacts of #COVID19 pandemic on HIV services in the WHO European Region w/ changes in the dynamics in HIV services (incl. PrEP positive exceptions like Ukraine that leads ahead despite lockdowns in 2020) @WHOUkraine https://t.co/Q5YHq8WYWK,1
"@POTUS You don‚Äôt have a clue as to how to end the pandemic. You have now surpassed Trumps Covid deaths even with having 100% benefit of the vaccine. Even your press secretary ,who was fully vaccinated, now got COVID.  #LetsGoBrandon https://t.co/vcI1GpOiES",1
"Johns Hopkins: World COVID-19 Death Toll Nears 5 Million - The Chosun Ilbo (English Edition) 

#coronavirus #news

https://t.co/v9EK7xlH6X",1
Tearful airport reunions as Australia reopens borders to the vaccinated for first time after almost 600 days of Covid restrictions https://t.co/2WKIJOKEul,1
"@PressSec Wait...so like you are rebuilding trust by lying to the American people? You are a Nazi. Thanks for admitting it for the public. #dontgetthevaccine its clearly not for ""COVID.""",0
FDA Authorizes First COVID-19 Vaccine for Kids Ages 5 to 11 @LizHIVHep https://t.co/2P4R6nmSTp #coronavirus #COVID19,1
"And now you‚Äôre trying to make Vitamin D prescription only, because it helps prevent Covid. That‚Äôs how evil you are https://t.co/RWcVyZb0uu",0
"@JagerLizard @WSJ article seems like propaganda tbh, my teacher went to went to Japan a few years back and saw a ton of ppl waring masks for fear of the flu and poor air quality so this isn't exactly new over there and still when did we go ""post pandemic""",1
@fillorkill @SuzylaineOC @PressSec Logic is not allowed in covid discussions!! https://t.co/q8RyhHP25T,1
"Coronavirus Update:
‚ò£Ô∏èÔ∏è Total cases: 247,501,784 (+23,806) ‚ò£Ô∏èÔ∏è
‚ö†Ô∏è Current cases: 18,316,141 (+6,736) ‚ö†Ô∏è
‚ö∞Ô∏è Deaths: 5,015,712 (+429) ‚ö∞Ô∏è
üè• Recovered: 224,169,931 (+16,641) üè•

Updated every 2 hours
#Coronavirus #COVID19 #COVID„Éº19
Source: https://t.co/nFY1lZJJ2I",1
"When you‚Äôre sick, stay in your house. Stop passing around germs and viruses. No sickness is too small in these covid times.",0
"It‚Äôs clear Asia has been allocated as the industrial base for the Globalists.
The West will be reliant on other nations.
If covid taught us anything it taught us to be self sufficient locally.. https://t.co/rdUP4y1Rqz",1
Israel expected to recognize Russias Sputnik V coronavirus¬†vaccine https://t.co/JiTIblCiEH,1
Shanghai Disneyland Closed for at Least Two Days Over Single Covid-19 Case https://t.co/vzJHn66tkM https://t.co/PwzIKpmDkx,1
"@SkyNews UK Summary 

Last updated on¬†Sunday 31 October 2021 at 4:01pm

Coronavirus (COVID-19) in the UK. 

Deaths within 28 days of positive test.
Daily
74

Total Deaths 
140,632

Cases. People tested positive.
Daily 
38,009 https://t.co/az3CHxboQE",1
Demons using misplaced sarcasm to try and make their stance appear logical üíÄüëåüèæ #LetsGoBrandon https://t.co/PWMDvHpVgE,1
Covid-19 compared with other deadly viruses https://t.co/mT1O8ISfwe via @timesofindia,1
"Chancellor Rishi Sunak 2scraptriple lock annual increases4state pension tries2rebuild public finances inWake of pandemic https://t.co/tpY4zXelqQ via @bpolitics 

Corruption in Britain City of London@Forefront of Tax Evasion&amp;M... https://t.co/GxSdDTBYW2 via @YouTube",1
"@atticrahman Brexit has had its chance.  It's harming the UK economy by twice as much as the Covid pandemic, without delivering any of the much-hyped benefits. 

By any standards,  #BrexitHasFailed &amp; failed catastrophically. It's no more exempt from criticism than any other bad policy choice.",1
"@toadmeister So there‚Äôs definitely going to be a Christmas Lockdown then...!! Not that anyone will pay attention. I‚Äôll do what I like, when I like with who I like (consenting adults obvs üòÅ) #ItsAllNonsense",1
"Vaccinations against #COVID19 in the Asia-Pacific are lagging behind Europe, Americas &amp; Arab States.

The unnevenness in vaccinations risks exacerbating inequalities &amp; impacting labour markets, says new @ILO monitor: https://t.co/p7vevHmuFQ https://t.co/3r4HPJaHww",1
"Wear a mask to prevent the spread of the virus. 

https://t.co/PEHOImsMeS https://t.co/NcZL6GgYCz",0
"It‚Äôs NOT about a virus.
It‚Äôs NEVER been about a virus. https://t.co/fvlW41CYBt",0
Covid booster jabs available at walk-in sites in England https://t.co/eCRq1U0VIJ,1
"@davenewworld_2 They already tried unsuccessfully several times to frame COVID as their own HIV that ""the left"" had imposed on them.",0
"@mariewalsh18 @GeddaBurke Whatever the outcome of ICAC, a sociopath refusing to lockdown fast and causing untold death and suffering.",1
"Wear a mask to prevent the spread of the virus. 

https://t.co/PEHOImsMeS https://t.co/NcZL6GgYCz",0
"@dbseymour And the tiny number of people who died from Covid were almost dead anyway. Still worth wrecking the county and force-vaccinating little kids with experimental treatments, I suppose.",0
"It‚Äôs NOT about a virus.
It‚Äôs NEVER been about a virus. https://t.co/fvlW41CYBt",0
Please if you are 12-15 year old book your Covid -19 vaccination on line information üëáüèΩbelow. @nhswestessex https://t.co/vfAOgcg7bR,1
"JUST IN: Hong Kong's economy expands slower than expected, at 5.4%, despite a spending boost. Its Covid Zero stance will likely hurt future growth. https://t.co/shyHe7P32N https://t.co/EL2Yc0THBj",1
Covid-19: global vaccine production is a mess and shortages are down to more than just hoarding | The BMJ https://t.co/sVupUQmByQ,1
@piersmorgan I'm unvaccaited mainly due to my health conditions and bit iffy about them. I was in shielding. August this year I caught covid. I was ill for one night. The rest the week I was just tried. I use CBD for my health. My mrs was worse and was vaxed. She brought it in the house.,1
Indonesia authorises Sinovac Covid-19 vaccine for children aged 6-11 this image of this child üëà masked and injected with adult hands pushing ‚Ä¶. Just üò≠ https://t.co/A1ck15YQnp,0
"JUST IN: Hong Kong's economy expands slower than expected, at 5.4%, despite a spending boost. Its Covid Zero stance will likely hurt future growth. https://t.co/shyHe7P32N https://t.co/EL2Yc0THBj",1
"@andrewbogut Tell me one pandemic in history where we fired health care workers on mass?
Then we are firing them for not taking an experimental vaccine that's been proved not to stop you from being infected or spreading the virus.
Make that make sense....
Only in ü§°üåè",0
can this virus outbreak bought a huge cognitive evolution ???? https://t.co/OMxFnnPx4X,0
Connecticut Politician Facing Jail after Blowing $636k Covid-19 Scam Funds in Casino Casino News - https://t.co/sKtY8Ypagv https://t.co/CHTsF4Qalf,1
"This is our WA COVID-19 update for Monday, 1 November 2021.

For official information on COVID-19 in WA, visit https://t.co/qA5jY6mVkv

https://t.co/wk1Kc2a7Rg https://t.co/Vb2gPCNGmq",1
Ryanair passenger numbers less than half of pre-pandemic levels https://t.co/vavHgxuu9N,1
"Shanghai Disneyland suspends entry on Halloween, parkgoers required to take Covid tests to exit https://t.co/n2d0BURGVF",1
The global death toll from COVID-19 has reached 5 million,1
7 Day Confirmed Covid Cases per 1K Population by County For KY   2021-10-29:  Updated Covid insights from our data scientists and USAFacts #datavisualization #datascience #analytics #data #covid19 #coronavirus #covid_19 https://t.co/oWrG82ZP2g,1
A teenage girl is wanted by police after she stabbed a teacher at Willeton Senior High School today. The school was sent into lockdown and the teacher taken to hospital. She remains in a stable condition | @StevenDThomas_ https://t.co/4CxgCFHIA4,1
"@celtjules66 @redflag3rd @UKLabour .
""Starmer sides with Tory right to BLOCK tax rises on wealthy""
https://t.co/SmE7LlppQV

""The Labour leader‚Äôs opposition to a rise in corporation tax has split both parties ‚Äì and left him out of step with the public""
https://t.co/PR54LL2HGg
.
https://t.co/JyPE3xSQcV",1
"Is covid -19 a platform for neo-colonialism in Your country!!??
Find out !! https://t.co/ZvuzV8gzNC",1
"@BorisJohnson This is as big as scam as covid. People are getting wise!
Wasn't the Maldives supposed to be underwater by 2000 according to predictions? Lol.
Your bullsh1t will be exposed soon enough ....
And you WILL be in jail!
Can't wait.",0
"#BREAKING 
The global death toll from #COVID19 has just passed 5 million.
In under 2 years.",1
"In a recent report by the Philippine Information Agency, 836,394 Lagunenses - or about 35 percent of the total target population - are considered ‚Äúfully vaccinated‚Äù against the coronavirus.
#herdimmunity #OpinYon #WeTakeAStand¬† 

https://t.co/c6LlQkH7zP",1
COVID-19 vaccine booster dose effective in reducing severe outcomes:¬†Lancet https://t.co/kqHg86UJT1,1
31% of South African adult population inoculated against Covid-19 https://t.co/3NNj0tlJ9O,1
"Coronavirus in Ohio Sunday: 2,400 new cases, 59 hospitalizations https://t.co/6WpQOZeQit",1
"The world has recorded 5 million COVID-19 deaths, but the real toll is likely more than double that https://t.co/pHgdeD7DvZ via @ABCaustralia",1
#IvermectinSavesLives https://t.co/SZph99KUYs,0
"@NBCNews @ElectionWiz So double vaccinated, triple wearing mask psychos
still get Covid.  They wonder why people are skeptical.  The only ones making out are big pharma and the politicians portfolios.",0
"The U.S. Food and Drug Administration authorized the emergency use of the Pfizer-BioNTech COVID-19 Vaccine for the prevention of COVID-19 to include children 5 through 11 years of age. 

#News #media #DhakaNews #BangladeshNews #Content #Trend #dailynews #covid #pfizer #vaccine https://t.co/B3vfEGifyk",1
"üì∑ Repost from @usatoday ‚Ä¢ The devastating human toll from the coronavirus reached another major milestone when the worldwide death tally surpassed 5 million, according to Johns Hopkins University data. Nowhere else in the globe has the cost... https://t.co/9yejE8e9mx",1
@AP But it‚Äôs completely cured the flu. The only thing covid will kill is fake news.,0
First-class air travel recovers slowly as Covid curbs ease https://t.co/yZqQzM0cWl,1
COVID-19 Very High - COVID-19 in Austria https://t.co/MW1TaPivN8,1
"Huge waste of resources  ‚úÖ 
Huge possibility of covid spread  ‚úÖ
HUGE bunch of hypocritical politicians gathered together to decide what the PLEBS will have to do in future .
I am no climate denier but I know that THIS little junket will achieve NOWT in global terms. https://t.co/lbTtR82HpM",1
Active COVID-19 cases in India lowest in 248¬†days https://t.co/ODwJO6MlWB,1
"Mobile testing is available in the city today at: The Hagard until 4.15pm and Steps for Change in the City Arcade until 3.30pm.
This service is ONLY for people without symptoms of Covid-19.
Find out more about the other testing options available here: https://t.co/1nukKwJ1zJ https://t.co/YGLdmsb5iO",1
"#India¬†#COVID19 #Update

#PosRate üîº 1.42% ü§ûüèº
#NewCases üîΩ 12.5K
#Deaths üîΩ 81

#ActiveCases üîΩ 455  (&lt;200K)

#7dayAvg: Cases üîΩ; Deaths üîΩ

#BacklogDeaths: 170

#vaccinations: 1.3M (Sunday)
#Tests 0.88M 

#MaskUp #StaySafe 

https://t.co/kqf3Dhttsj https://t.co/xoqNcDwJFS",0
"(Corona: India Records 12,514 New Cases, 251 Deaths). - https://t.co/GlnPEvsr7g https://t.co/FPu8WUqgi6",1
"@LongBallToNoOne @GearoidReidy Yes, but we also need to know when someone has COVID rather than the common cold or influenza so we can inform their close contacts. Also, people without symptoms can pass it on so it is still important to check, especially if they are a known contact of an infected person.",1
@0x0_Zero @realSeksey @austriacalling @100trillionUSD @MinPres @hugodejonge So? I already had COVID. I am fine.,1
"@Quicktake I'm all for taking precautions, but locking 33,000 up for *one* positive COVID case is why China is used as the example of a bat-shit crazy country.",1
"""We cannot forget that ordinary Afghan citizens are struggling more than ever. They face a deadly mix of #climate change-induced drought, soaring food prices, malnutrition, economic instability, the #COVID pandemic, displacements and widespread poverty."" @davidbverboom https://t.co/bi2oRrf50j",1
Covid really highlights the need for adequate sick pay and protection for all workers. The lack of protection for workers who have more precarious contracts means that so many people will have very little or no income if they fall ill.,1
"@tommuller59 @Cokre5 @DrPuerner ""FDA panel: Benefits of COVID-19 vaccine for ages 5-11 outweigh risks | American Academy of Pediatrics"" https://t.co/OfVvPk0Lth",0
"@BorisJohnson Climate crisis. Global pandemic. Fear. 

Lift the veil and it‚Äôs merely ways for the globalists to enslave the people, under draconian restrictions, in the interest of public health.",0
"@lavern_spicer As deaths rise, Russian doctors despair at low vaccine rate. https://t.co/wHlhMyM8pp",0
@PressSec That‚Äôs was your Choice just like it‚Äôs the unvaccinated choice not to.Biden is a bully if you get the vaccine you still get Covid &amp; die if you don‚Äôt vaccine you get Covid and dieü§îMake it make sense. Give me a vaccine that you been working on for years and I can‚Äôt get Covid.üôèüèæ,0
"@HaydnNuff Is it the new pandemic ü§™??
Poor footballers üíØ!
Stuff the üòà vaccine!!!",0
Pete Buttigieg says supply chain disruptions won't really go away until we 'put the pandemic in the rearview mirror' https://t.co/MRmC4081iA,1
COVID-19 modelling shows 13 deaths over 300 days under 'outbreak' after SA repeals border restrictions https://t.co/tNorBHVrVS via @ABCaustralia,1
"1. The Health Ministry received over 20,000 reports on adverse effects of Covid-19 vaccination on MySejahtera, as of Oct 27.

1,483 were categorised as serious, which included 519 deaths among those vaccinated.

However, MOH says none of the fatalities could be linked to the jab. https://t.co/3ZvvaVrRcV",1
"@CalebJHull It actually doesn‚Äôt make you less likely to get it. Protection from infection lasts only a few weeks after the second shot. The viral load is the same in both vaccinated and unvaccinated. Also, the CDC stopped recording positive tests on vaccinated in May so the data is skewed.",1
@AuBrey94641180 @AyoCaesar More than 140000 people have died of COVID-19 in the UK.,1
"COVID-19's global death toll tops  5 million, U.S. tops all nations with 740,000 dead. https://t.co/7MSoyRPvD3",1
"Covid has left people scraping money together to get by, that was a very poor decision",1
Romania records world‚Äôs highest Covid-19 death rate ‚Äì CNN¬†Video https://t.co/oVUIvoT2BD,1
"@SkyNews @KayBurley More I‚Äôm watching this circus üé™ full of clowns ü§°, I can‚Äôt understand how people can believe in climate and COVID",1
"@HasLahlStopped @akheriaty @zerohedge In an Orwellian move, the CDC changed the definition of ""vaccination"" to remove the medically specific word ""immunity"" and replaced it with a vague ""protection"" in the middle of a pandemic. 

Now ""vaccines"" don't have to prevent infection and transmission any more. https://t.co/uOVgbFMzTF",1
"Kenya's initiative to produce a local #COVID19 vaccine has taken a major step with a key stakeholders forum being facilitated by KEMRI. 

The virtual stakeholders' workshop focuses on the current efforts to produce vaccines locally through Kenya Biovax Institute Ltd platform. https://t.co/72v6S80b2B",1
Covid booster jabs available at walk-in sites in England - says the govt. I‚Äôve checked ten walk-in centre websites and none of them says they‚Äôre doing the booster. Just second dose. Or is this the same thing? Confusion reigns. ‚Å¶@BBCHughPym‚Å©  https://t.co/VpWmdbhezT,1
"#COVIDPASS SCAM: We recently received these texts. Obviously spam, but can you tell why? If not, watch our video to learn how - https://t.co/wSSufJigH8 
Businesses, we can protect you from #Phishing attacks - get in touch.
#covid #nhs #covid19 #vaccine #spam #scam #scammers https://t.co/0nzGryZgmu",0
"Sri Lankans must now learn to live with the novel coronavirus - Director of the Health Promotion Bureau Dr. Ranjith Batuwanthudawa.
#LKA #SriLanka #COVID19SL #COVID19LK #COVID19 #coronavirus",0
@lavern_spicer Record daily COVID deaths in Russia and Ukraine amid low vaccinations . https://t.co/5HaTTyh0a2,1
"@DanScavino üí•‚è∞üó£Ô∏èüá™üá∫Motion for a European Parliament resolution on the creation of a European Compensation Fund for victims of ""COVID-19 vaccines"".
It already lists around a million cases of adverse reactions.üíâüêçüò∑
@OANN @EpochTimes @DailyMailUK @RobertKennedyJr 
https://t.co/hQq0UpfYlZ",0
"We are deeply worried for the NIOS Examination. They have no study materials. Many of nios students are self-isolation due to covid-19 and sime are covid-positive patients.

Therefore, we ask to cancel the NIOS examination of Oct-Nov' 2021
#cancelOctoberexam2021 https://t.co/yES5SVH7CY",1
"We're going to break 750,000 #COVID deaths in the USA within the next 36 hours. It is NOT a hoax. This is REAL. #FormerGuy's bullshit has created a schism in this nation in mitigating this pandemic. That's manslaughter in my book. #NYFD whiners should GROW UP or QUIT.",1
Biden ordered a broad review of U.S. supply chains this year as the economic disruption of the coronavirus pandemic triggered shortages of everything from computer chips used in cars to medical supplies and bicycles. https://t.co/Nmxsh5AEOT,1
Vaccines arriving soon in NY for ages 5 to 11. Here‚Äôs how COVID hit the age group https://t.co/ndDIAh7wnc,1
Study finds Fluvoxamine an inexpensive antidepressant may cut Covid hospitalisation¬†risk https://t.co/8ol1xfVvRy,1
The myth that the virus is an urban problem‚Ä¶ and that ‚Äúrural‚Äù areas are safer is busted by Kevin Wilson‚Ä¶ again! https://t.co/2pNzKsYIY9,1
"15 students of #SainikSchool in #Amaravathinagar, #Udumalaipet, #Tiruppur tested positive for #Covid19. ü¶†",1
"With just 66.7% of the population fully inoculated, around a third of Germans are yet to have a jab at all.
#MNow #Germany #COVID19 #vaccination

https://t.co/8BXLdhkpzx",1
"482 new cases of #COVID were reported +ve in the country after 40,612 samples were collected over the last 24 hours. The #PositivityRatio currently stands at 1.18%.
#coronavirus",1
"Good morning from The Hague. From the @AP:
The global death toll from COVID-19 passed 5 million Monday, less than two years into the crisis that has devastated poor nations and humbled wealthy countries.

@FT data: cumulative and rolling average per 100k
NZ had lockdowns, US no. https://t.co/CeVdeRzndB",1
"Biden tested negative for COVID-19 on Sunday, says spokeswoman https://t.co/H10cVNuSmj",1
"@wgmsarkis @NBCNews Have you had small pox? No. Rubella? No. Measles? No. That is because you were vaccinated.  

These are NOT vaccines if you can still get and spread the Covid virus.  Seriously wake up to the farce.",0
"@BBCNews Isolating from a flawed for the purpose, non-diagnostic l and manipulated test result. 
There is no test for COVID people. Wake up.",1
"I might have covid, we ll know in a few hours. They told me to inform anyone I interacted the last 3 days... so here you go",1
"@Morning_Joe Who cares?  What about the BORDER, GAS PRICES, COSTS FOR EVERYTHING IS UP, MORE COVID DEATHS THEN TRUMP WATCH. Come on man",1
COVID News: CDC expected to approve Pfizer's vaccine for kids 5-11 this week https://t.co/8vhRcmGkyU https://t.co/dec0PmvGvQ,1
"Russia reports 40,402 new coronavirus cases and 1,155 new deaths. Cases are rising in all regions.",1
"WE MUST SAVE OUR KIDS
COVID is hospitalizing Kids at an alarming rate. Children CANT receive the same treatment as adults for COVID. NO monoclonal antibodies or REMDESIVIR. How many children must die before we come together to fight this MONSTER?!?!
 https://t.co/ex9LhpDcTT 05",0
"COVID took a big toll on a lot of artists and unfortunately one of the symptoms of adjustment disorder (what Kinchan suffers from) is anxiety.

Anxiety has also affected other artists such as Mina and Jeongyeon of TWICE.

https://t.co/pfpi6SC4pa

https://t.co/6p24Vgj16j",1
@News12 @News12LI Cowards that fear the vaccine‚Ä¶.let them live in fear and stay home.,0
@PressSec Hope you have a speedy recovery and that your symptoms are mild. I‚Äôm vaccinated and had breakthrough Covid. Vaccine kept me out of the hospital.,1
Hoseok went to Leeum Samsung Museum of Art it's one of Korea‚Äôs top art museums that has been reopened to public again after a hiatus due to pandemic https://t.co/PUJQ2LGEH9,1
@NoTeamsIndy @hodgetwins @FoxNews Man you‚Äôve been lied to for almost 2 years yet you still believe every change to the narrative they make fact people under around 25 are at more risk from the shot than if they caught Covid  even moderna just pulled their request because of those risks  it‚Äôs ok to question things,1
"@PrisonPlanet What about CDC. WhO who refuse to acknowledge natural immunity and manipulate data, change the definition of vaccine to fit their current narrative?",0
"Today's headlines:

üîπ CDC could recommend COVID-19 vaccine for kids 5-11 this week
üîπ Tense Pa. school board fights center on COVID and race
üîπ Dr. Ala Stanford no longer vying to be Philly‚Äôs next health chief

Subscribe to WHYY News Daily ‚Üí https://t.co/8VNUhy00Fb https://t.co/gCn0nImLqZ",1
"How can you lower your risk of catching #COVID19 when going grocery shopping‚ùì üõí üçâüçèü•¶üåΩ‚†Ä

Life has to continue even where COVID-19 is spreading.
Shopping for groceries
If online shopping is not an option here‚Äôs how to stay safe. Know your risk. lower your risk.
. https://t.co/loraXH7dQ7",1
"Another 41,278 people in #Britain have tested positive for #COVID19, bringing the total number of cases to 9,019,962,also reported a further 74 deaths. The total number of deaths in Britain now stands at 140,558. There are currently 8,983 patients in hospital https://t.co/JUQp8ccapc",1
"1st, If that's true, the #CDC is #fraudulent AF &amp; should be #prosecuted! 2nd, you can't pick &amp; choose. Either you consider ""vaccination"" from the moment you get jabbed &amp; so numbers of deaths, etc fall under 'due to vaccination' or you come clean with the public the vaxx is a hoax https://t.co/42QJ7Ti2I1",0
"Get Vaccinated  üíâ Find a free COVID-19 vaccine near you.

üìçUse https://t.co/tZzcpOZkOr to find a          COVID-19 vaccine near you.
üìçCall¬†1-800-232-0233¬†
üìçText your¬†zip code¬†to¬†438829

#vaccines #COVID19 #Florida #UnitedStates #BoosterShots #pharmacy",0
"New Press Release üì£

How Did The Pandemic Change Black Friday?

""IMRG extracted some data to quantify these changes and address the question: when exactly is Black Friday?"" - Andy Mulcahy, IMRG

Read now: üëâ https://t.co/w90CcZMlrs",1
53 per cent eligible persons given both doses of Covid vaccines in Gujarat: Govt https://t.co/ITTlpFhewr,1
Just 9 new covid cases reported today in Tokyo! üôå https://t.co/VJGtpxhG8U,1
"@jengleruk They faced zero risk from covid, were coerced into taking this ""vaccine"" and now have a serious heart conidtion. 

This is criminal. EVEN IF the vax would stop the spread, it would be indefensible.",0
"WORLD.    

COVID-19 Dashboard by the Center for Systems Science and Engineering (CSSE) at Johns Hopkins University. 

Total Confirmed Cases 246,811,481

Global Deaths.
5,001,764

US.  745,836 deaths.

#coronavirus disease 2019 (COVID-19) #COVID19 https://t.co/GJKF86CaK0",1
7 Day Distribution of Covid Confirmed Cases by State per 1K Population Using County Data for 2021-10-29:  Updated Covid insights from our data scientists and USAFacts #datavisualization #datascience #analytics #data #covid19 #coronavirus #covid_19 https://t.co/GDwWKLE3uR,1
"‚ÄúThe COVID-19 pandemic was expected to drive many families into hunger as jobs were lost and supply chains were interrupted. The prediction held true, but mostly for minorities.‚Äù #hunger https://t.co/VqQB4ckmAl",1
"Hello @JoeBiden what you waiting for make #Fauci go to #Jail for #HumanityCrime... All he say is a #Lie 
Do you want to be recognized guilty for #HumanityCrime when truth is gonna be revealed... !?
Stop to break the truth and punish the liar, #Politicians and #Media https://t.co/iwlEw5SuLk",0
It is important that we all get the COVID-19 vaccination to keep us safe. #DownSyndrome #COVID19 https://t.co/fX1t3wGdpR,1
COVID-19's global death toll tops 5 million in under 2 years (from @AP) https://t.co/ZRIX8aQG5m,1
The Race Is On to Develop a Vaccine Against Every Coronavirus https://t.co/kTKBPi9u7L #news #technology #trends #future #innovation #technews,1
"@BartSHIBson @CNNPolitics They are covering it up and distracting by reporting on psaki ""getting covid""",1
Diet-related diseases pose a major risk for Covid-19. But the U.S. overlooks them. https://t.co/ZGMsjgSWfs via @politico,1
"Grateful you're vaccinated???? The vaxx didn't work, you have covid! https://t.co/8u6hyIWskB",1
Needle phobias are preventing some people from getting COVID-19 vaccines. These interventions could help  https://t.co/7wHLHJbjV4,1
"Cuba is all set to welcome travellers without any quarantine requirements. The Caribbean nation has decided to relax COVID-19 travel restrictions in the coming weeks. 

https://t.co/gIQMnR1IvC

#cuba #cubatravel #havana #visitcuba #cubatrip #travel  #OTOAI https://t.co/gJ6ssEnTQ3",1
"#Pandemic paves way for blowout in eating #disorders, and need for more research and interventions @flinders https://t.co/1Yj8p8OKC4",1
"Remember hand sanitizer can make your hands dry, so don't forget to moisturise! üß¥

#COVID19 #COVID„Éº19",1
#InformedConsent2 19 States Sue Biden Administration Over COVID-19 #VaccineMandate - Comes after Florida launches own #lawsuit https://t.co/HT1Fm1z9Xy,0
"Folks, Covid vaccination is BOTH for personal health &amp; community health.
Republicans are RESPONSIBLE  for over 750,000 Covid deaths. They know that poor people are most vulnerable. So these SINISTER Republicans are misguiding them.
GO GET VACCINATED. @ACLU  @CITIZENS @RNC",0
"Satan Reassures Hesitant People The COVID Vaccine Is Safe And Definitely Not The Mark Of The Beast https://t.co/NGY6Iu0taC 
#vaccine #SATANIC #DrFauci https://t.co/gmgQjFlAaL",0
News18 Evening Digest: Covid Booster Dose Effective in Reducing Severe Disease Outcomes; Diwali to Max Out Delhi Pollution? and Other¬†Stories https://t.co/M5Ud2LTkXD,1
"COVID-19's global death toll tops 5 million in under 2 years (from @AP)
(.015% of Texans dead globally of .0036 of global pop, or 4X Texans dead compared to rest-of-world on population adjusted basis. 
#GregAbbottFailedTexasAgain üò° https://t.co/S3IH4i4lIs",1
"They China will never take responsibility, though the world knows, the reality.

China says U.S. COVID origins report is without credibility https://t.co/jds9TUKN66",0
"Pandemic results in strict COVID protocols, reduced attendance-Sports News ,¬†Firstpost https://t.co/4EvKEfdtfU",1
THE. VACCINE. DOESN‚ÄôT. PREVENT. COVID. IT. KEEPS. MOST. PEOPLE. FROM. DYING. FROM. IT. YOU. GODDAMN. WEIRDOS. I. HAVE. HAD. ENOUGH. OF. UNVACCINATED. ADULTS. RUNNING. THEIR. FUCKING. MOUTHS. https://t.co/4sRDdGUWsm,0
"The CDC could recommend the COVID-19 vaccine for children 5 to 11 this week. 

WHYY's Health Desk Help Desk shares what you need to know ‚Üì

via @zoeread88 
https://t.co/UsEC6BSkXd",1
"Accurate vaccine information is critical and can help stop common myths and rumors. 
#houfightscovid #houston #covid19 https://t.co/K42A9ZzG93",1
"Equitable access to C-19 vaccines in the world is urgent to counter the pandemic, and its dramatic effects on vulnerable people. Please read our @IFRC @ICRC @UN joint statement üëâ https://t.co/KPjenS1e5C",1
"SARS-CoV-2 Results for samples collected October 21, 2021 https://t.co/zQp52G6enI https://t.co/hTHraLtYkd",1
"‚ÄòWhy 80% of COVID-19 patients may develop neurological complications‚Äô
https://t.co/6OfOWpCwnj",1
US prisons face staff shortages as officers quit amid COVID https://t.co/STDi1acZU8,1
"Mexico returned Sunday to mass commemorations of the Day of the Dead, after traditional visits to graveyards were prohibited last year because of the coronavirus pandemic. https://t.co/cKRiJPfYMJ",1
"Latest studies show COVID vaccine immunity declines after 7 months, natural immunity lasts over a year - https://t.co/9GieiULC8q",1
@louise03962820 @JamesMelville They could tell the truth that masks are cotton and obv don‚Äôt stop a virus. The real purpose of them is just to keep this fake pandemic in everyone‚Äôs mind. Plenty of controlled studies have been done every yr since the 50s on masks. Always come to the same conclusion. Don‚Äôt work.,0
"CNBC: Global #COVID19 deaths hit 5 million as #pandemic takes staggering toll.

https://t.co/h0byKtaRtd

via @GoogleNews",1
The FDA's review of Moderna's application for an emergency use authorization of its coronavirus vaccine in teens may not be completed before January. https://t.co/euF3zeE85t,1
"@AHart1974 @LeilaniDowding @eekymom COV+ID (COV ert ID entification) is a hoax. They've renamed ordinary common diseases like flu, pneumonia etc. into covid-19 to lull you into submission and vaccination. Here is the ultimate scientific proof that SARS-COV2 virus does not exist: https://t.co/W74JrrvwbY",0
Post COVID-19 Syndrome services now available in Northern Ireland üëá https://t.co/jrvyOYvQf5,1
Global death toll surpasses 5M; 91% of NYC city workers vaccinated as mandate deadline arrives: COVID-19 updates - USA TODAY: * Global death toll surpasses 5M; 91% of NYC city workers vaccinated as mandate deadline arrives: COVID-19‚Ä¶ https://t.co/B71rl3qFXp -Follow me more news,1
"Immunocompromised may need a fourth Covid-19 shot, CDC says https://t.co/RcPyLgOZx6 https://t.co/gfv5eEKePm",1
"Thailand‚Äôs foreign tourism industry will take at least 4 years to recover to pre-Covid levels, leading Asia economists report: https://t.co/GSLMLdxU7m https://t.co/OdzZ7Mn62A",1
"@NBCNews We now know that people are contracting Covid-19 from the vaccinated as well, so putting more lives at risk by firing unvaxxed fire and medical personnel is insane.",1
"FDA assessing whether Moderna vaccine can cause heart problems in adolescents

‚ÄúAssessing‚Äù https://t.co/lgahjB3rYx",1
"Why are vaccines being mandated when people are still getting, spreading and dying from covid? #JenPsaki #JonBonJovi #VaccineMandate #VaccineSideEffects",0
"@AdamKinzinger üëã Adam I‚Äôm üá®üá¶ so my üßê hold no wait but the idea that #Trump could run 4 Prez. again shows a huge flaw in US‚Äôs political system! Organize a riot, kill 375,000 due 2 Corona. dangerously played w/known USA enemies? Don‚Äôt give up consider how to make a new #Republican party! KR üôè",0
"Why are vaccines being mandated when people are still getting, spreading and dying from covid? #JenPsaki #JonBonJovi #VaccineMandate #VaccineSideEffects",0
@ThreadsIrish Are they given free pass for promoting hate speech on people who have chosen not to have fast tracked Covid jab,1
".@TimeOutLondon Vaccine mandate makes no sense because study shows the COVID vaccine doesn‚Äôt prevent the spread of the virus üëá
https://t.co/mmBLVPVqCM",0
Food service managers! Let your employees know you care about their health. Encourage staff to get their seasonal #flu and COVID19 shots https://t.co/l8meCQxTP7 https://t.co/VoEsFEfi9U,1
"Novavax Files for COVID-19 Vaccine Authorization with Health Canada and Completes Submission for Rolling Review to European Medicines Agency - Nov 1, 2021 ‚Å¶@carolynglobal‚Å© ‚Å¶@carlyweeks‚Å© ‚Å¶@joerogan‚Å© ‚Å¶@poojahandatv‚Å© ‚Å¶@ColinDMello https://t.co/53WsOet1KJ",1
"@guay_terry yes, it's time, 2 years into it...  where are the brave Americans we used to be...?  now it is a group of cowards covering their faces and fearing a flu that has a 99.9999% survival rate...  if you stop watching the news, the pandemic ends.",1
@STEVETA12083651 @IceIsMyVice The killing power of COVID? So you‚Äôre afraid of a cold too? COVID has over a 99.8% survival rate.,0
Novavax COVID-19 vaccine receives first emergency use authorization https://t.co/usRBcK7yMy https://t.co/pBG2ZVh9Py,1
"COVID could wreak havoc on gorillas, but they social distance better than we do https://t.co/o8Q2bx8HYd",1
The scamdemic is alive and well at @ScottsdaleUSD. @GeneralBrnovich @JosephChaplik https://t.co/CAJtOsH5GZ,1
The scamdemic is alive and well at @ScottsdaleUSD. @GeneralBrnovich @JosephChaplik https://t.co/CAJtOsH5GZ,1
"The GA Dept of Public Health did not report new COVID case numbers over the weekend. On October 29, 2021 the GA Dept of Public Health reported Baldwin County (GA) has recorded 5250 COVID-19 cases (+4 since October 28), 166 deaths (+1) and 387 hospitalizations. https://t.co/dzDPnqskdY",1
"The GA Dept of Public Health did not report new COVID case numbers over the weekend. On October 29, 2021 the GA Dept of Public Health reported Baldwin County (GA) has recorded 5250 COVID-19 cases (+4 since October 28), 166 deaths (+1) and 387 hospitalizations. https://t.co/dzDPnqskdY",1
"Texas man who rallied against COVID-19 measures dies. He took high doses of Vitamin C, zinc, aspirin and ivermectin, instead of getting treatment from a doctor. He was 30. He left a wife and 4 young children behind  https://t.co/PShmhLHO8h",0
"$HLTH Cue Health Provides Molecular COVID-19 Testing To MLB Clubs During The Postseason And World Series
https://t.co/Mu0qNmqZIw

#covid19",1
"@CBCNews Sure but nothing compared to the billions of masks that dont degrade.

More covid collateral damage.",0
Covid-19: Single case shuts down Shanghai¬†Disneyland https://t.co/8a91xqc3Xz,1
"Covid could STILL be eradicated with 60-70% of pop getting booster every 6 mths and not doing dumbest stuff like NFL full crowd games. Current vax mandate makes no sense, by now most people who have got two shots (not 3) in US are more likely to spread than those with 0.",1
Israel's oral COVID vaccine gets greenlight for trial in South Africa - The Jerusalem Post https://t.co/Ff1Wyah8HO,1
"""Cases didn‚Äôt go up so much with the delta variant,"" said David Buchholz, a professor of pediatrics at @ColumbiaDoctors. ""They increased when school went back into session."" 

We found cases in children grew by 129% in the 6 weeks after schools opened: https://t.co/nPGu2raGB8 https://t.co/ollEeUKMPW",1
"‚ÄúCovid forever, vax mandate when it doesn‚Äôt even work‚Äù strategy allows elites to justify actions that really only ostracize the unwanted parts (to them) of society - blacks, conservatives and libertarians. Bootlicker neolibs and marxists, vax rate is 99.99%.",0
#COVID19 booster jabs available at walk-in sites in England https://t.co/g5rRk0nkfR #COVIDVaccination #BoosterShots,1